impl	B	H	T	D	dtype	fwd_ms	fwd_p50_ms	bwd_ms	bwd_p50_ms	peak_mem_mb	iters	ok	err	cfg_block	cfg_fwd_warps	cfg_fwd_stages	cfg_bwd_chaos_warps	cfg_bwd_chaos_stages	cfg_bwd_attn_warps	cfg_bwd_attn_stages	cfg_chaos_iters
sdpa_flash_attn_only	2	8	512	128	bf16	0.0505	0.0483	0.2021	0.1999	24.06	15	1		128	8	2	8	1	8	3	0
sdpa_cudnn_attn_only	2	8	512	128	bf16	0.0494	0.0467	0.2163	0.2004	20.06	15	1		128	8	2	8	1	8	3	0
sdpa_memeff_attn_only	2	8	512	128	bf16	0.0399	0.0388	0.2241	0.2223	20.06	15	1		128	8	2	8	1	8	3	0
sdpa_flash_vortex	2	8	512	128	bf16	0.1798	0.1784	0.8419	0.8589	40.07	15	1		128	8	2	8	1	8	3	0
sdpa_cudnn_vortex	2	8	512	128	bf16	0.1856	0.1831	0.8749	0.8729	40.07	15	1		128	8	2	8	1	8	3	0
eager_vortex	2	8	512	128	bf16	0.2588	0.2570	1.7326	1.7842	148.28	15	1		128	8	2	8	1	8	3	0
vortex_fused	2	8	512	128	bf16	0.0798	0.0791	0.5317	0.5196	86.20	15	1		128	8	2	8	1	8	3	0
sdpa_flash_attn_only	2	8	512	128	bf16	0.0502	0.0474	0.2068	0.1997	24.06	15	1		128	8	2	8	1	8	3	1
sdpa_cudnn_attn_only	2	8	512	128	bf16	0.0566	0.0536	0.2900	0.2761	20.06	15	1		128	8	2	8	1	8	3	1
sdpa_memeff_attn_only	2	8	512	128	bf16	0.0402	0.0394	0.2218	0.2215	20.06	15	1		128	8	2	8	1	8	3	1
sdpa_flash_vortex	2	8	512	128	bf16	0.2561	0.2538	1.0297	1.0226	120.13	15	1		128	8	2	8	1	8	3	1
sdpa_cudnn_vortex	2	8	512	128	bf16	0.2645	0.2632	1.0511	1.0406	120.13	15	1		128	8	2	8	1	8	3	1
eager_vortex	2	8	512	128	bf16	0.3167	0.3144	1.2613	1.2560	154.35	15	1		128	8	2	8	1	8	3	1
vortex_fused	2	8	512	128	bf16	0.0986	0.0980	0.6988	0.6993	86.20	15	1		128	8	2	8	1	8	3	1
sdpa_flash_attn_only	2	8	1024	128	bf16	0.0594	0.0574	0.2266	0.2231	48.13	15	1		128	8	2	8	1	8	3	0
sdpa_cudnn_attn_only	2	8	1024	128	bf16	0.0509	0.0495	0.1991	0.1938	40.13	15	1		128	8	2	8	1	8	3	0
sdpa_memeff_attn_only	2	8	1024	128	bf16	0.0759	0.0750	0.3133	0.3124	40.13	15	1		128	8	2	8	1	8	3	0
sdpa_flash_vortex	2	8	1024	128	bf16	0.1735	0.1730	0.8549	0.8510	80.10	15	1		128	8	2	8	1	8	3	0
sdpa_cudnn_vortex	2	8	1024	128	bf16	0.1819	0.1804	0.8703	0.8676	80.10	15	1		128	8	2	8	1	8	3	0
eager_vortex	2	8	1024	128	bf16	0.5978	0.5962	1.9114	1.9606	361.03	15	1		128	8	2	8	1	8	3	0
vortex_fused	2	8	1024	128	bf16	0.0890	0.0881	0.6225	0.6157	108.26	15	1		128	8	2	8	1	8	3	0
sdpa_flash_attn_only	2	8	512	128	bf16	0.0508	0.0496	0.2050	0.2012	24.06	15	1		128	8	2	8	1	8	3	3
sdpa_cudnn_attn_only	2	8	512	128	bf16	0.0490	0.0468	0.1978	0.1908	20.06	15	1		128	8	2	8	1	8	3	3
sdpa_memeff_attn_only	2	8	512	128	bf16	0.0413	0.0395	0.2224	0.2221	20.06	15	1		128	8	2	8	1	8	3	3
sdpa_flash_vortex	2	8	512	128	bf16	0.3583	0.3549	2.1846	2.2349	152.25	15	1		128	8	2	8	1	8	3	3
sdpa_cudnn_vortex	2	8	512	128	bf16	0.3639	0.3631	2.2215	2.2359	152.25	15	1		128	8	2	8	1	8	3	3
eager_vortex	2	8	512	128	bf16	0.4210	0.4192	1.8098	1.8040	186.47	15	1		128	8	2	8	1	8	3	3
vortex_fused	2	8	512	128	bf16	0.1080	0.1074	0.8637	0.8661	86.20	15	1		128	8	2	8	1	8	3	3
sdpa_flash_attn_only	2	8	1024	128	bf16	0.0581	0.0566	0.2246	0.2197	48.13	15	1		128	8	2	8	1	8	3	1
sdpa_cudnn_attn_only	2	8	1024	128	bf16	0.0497	0.0470	0.1978	0.1888	40.13	15	1		128	8	2	8	1	8	3	1
sdpa_memeff_attn_only	2	8	1024	128	bf16	0.0744	0.0734	0.3160	0.3122	40.13	15	1		128	8	2	8	1	8	3	1
sdpa_flash_vortex	2	8	1024	128	bf16	0.2511	0.2494	1.3464	1.3347	176.16	15	1		128	8	2	8	1	8	3	1
sdpa_cudnn_vortex	2	8	1024	128	bf16	0.2651	0.2632	1.4497	1.4063	176.16	15	1		128	8	2	8	1	8	3	1
eager_vortex	2	8	1024	128	bf16	0.6716	0.6716	2.8437	2.6211	361.07	15	1		128	8	2	8	1	8	3	1
vortex_fused	2	8	1024	128	bf16	0.1071	0.1052	0.8067	0.8190	108.26	15	1		128	8	2	8	1	8	3	1
sdpa_flash_attn_only	2	8	512	128	bf16	0.0759	0.0721	0.2058	0.2016	24.06	15	1		128	8	2	8	1	8	3	5
sdpa_cudnn_attn_only	2	8	512	128	bf16	0.0489	0.0468	0.2551	0.2576	20.06	15	1		128	8	2	8	1	8	3	5
sdpa_memeff_attn_only	2	8	512	128	bf16	0.0400	0.0392	0.2175	0.2158	20.06	15	1		128	8	2	8	1	8	3	5
sdpa_flash_vortex	2	8	512	128	bf16	0.4540	0.4520	2.2342	2.1756	184.38	15	1		128	8	2	8	1	8	3	5
sdpa_cudnn_vortex	2	8	512	128	bf16	0.4719	0.4628	3.0966	3.1070	184.38	15	1		128	8	2	8	1	8	3	5
eager_vortex	2	8	512	128	bf16	0.5086	0.5051	4.4816	4.3737	218.60	15	1		128	8	2	8	1	8	3	5
vortex_fused	2	8	512	128	bf16	0.1231	0.1215	1.1472	1.1441	86.20	15	1		128	8	2	8	1	8	3	5
sdpa_flash_attn_only	2	8	1024	128	bf16	0.0595	0.0586	0.2225	0.2214	48.13	15	1		128	8	2	8	1	8	3	3
sdpa_cudnn_attn_only	2	8	1024	128	bf16	0.0496	0.0467	0.1996	0.1938	40.13	15	1		128	8	2	8	1	8	3	3
sdpa_memeff_attn_only	2	8	1024	128	bf16	0.0756	0.0748	0.3155	0.3147	40.13	15	1		128	8	2	8	1	8	3	3
sdpa_flash_vortex	2	8	1024	128	bf16	0.3815	0.3813	1.7308	1.7085	240.29	15	1		128	8	2	8	1	8	3	3
sdpa_cudnn_vortex	2	8	1024	128	bf16	0.3945	0.3928	2.2406	2.2507	240.29	15	1		128	8	2	8	1	8	3	3
eager_vortex	2	8	1024	128	bf16	0.8057	0.8047	2.8367	2.8585	373.22	15	1		128	8	2	8	1	8	3	3
vortex_fused	2	8	1024	128	bf16	0.1314	0.1300	1.0805	1.0769	108.26	15	1		128	8	2	8	1	8	3	3
sdpa_flash_attn_only	2	8	2048	128	bf16	0.1274	0.1258	0.5044	0.4567	96.25	15	1		128	8	2	8	1	8	3	0
sdpa_cudnn_attn_only	2	8	2048	128	bf16	0.0827	0.0822	0.3755	0.3732	80.25	15	1		128	8	2	8	1	8	3	0
sdpa_memeff_attn_only	2	8	2048	128	bf16	0.1924	0.1931	0.8472	0.8421	80.25	15	1		128	8	2	8	1	8	3	0
sdpa_flash_vortex	2	8	2048	128	bf16	0.3523	0.3519	1.1265	1.1419	160.16	15	1		128	8	2	8	1	8	3	0
sdpa_cudnn_vortex	2	8	2048	128	bf16	0.3052	0.3048	1.1281	1.1030	160.16	15	1		128	8	2	8	1	8	3	0
eager_vortex	2	8	2048	128	bf16	1.8703	1.8685	4.9231	4.9147	1172.03	15	1		128	8	2	8	1	8	3	0
vortex_fused	2	8	2048	128	bf16	0.1625	0.1619	0.9343	0.9328	152.40	15	1		128	8	2	8	1	8	3	0
sdpa_flash_attn_only	2	8	2048	128	bf16	0.1297	0.1281	0.4493	0.4477	96.25	15	1		128	8	2	8	1	8	3	1
sdpa_cudnn_attn_only	2	8	2048	128	bf16	0.0823	0.0810	0.3293	0.3034	80.25	15	1		128	8	2	8	1	8	3	1
sdpa_memeff_attn_only	2	8	2048	128	bf16	0.1817	0.1821	0.8149	0.8149	80.25	15	1		128	8	2	8	1	8	3	1
sdpa_flash_vortex	2	8	2048	128	bf16	0.4750	0.4747	1.6720	1.7704	288.22	15	1		128	8	2	8	1	8	3	1
sdpa_cudnn_vortex	2	8	2048	128	bf16	0.4719	0.4707	1.7376	1.7656	288.22	15	1		128	8	2	8	1	8	3	1
eager_vortex	2	8	2048	128	bf16	1.9827	1.9808	5.2863	5.2853	1172.07	15	1		128	8	2	8	1	8	3	1
vortex_fused	2	8	2048	128	bf16	0.2097	0.2107	1.2259	1.2140	152.40	15	1		128	8	2	8	1	8	3	1
sdpa_flash_attn_only	2	8	1024	128	bf16	0.0605	0.0584	0.2221	0.2182	48.13	15	1		128	8	2	8	1	8	3	5
sdpa_cudnn_attn_only	2	8	1024	128	bf16	0.0503	0.0476	0.2443	0.2526	40.13	15	1		128	8	2	8	1	8	3	5
sdpa_memeff_attn_only	2	8	1024	128	bf16	0.0747	0.0741	0.3125	0.3099	40.13	15	1		128	8	2	8	1	8	3	5
sdpa_flash_vortex	2	8	1024	128	bf16	0.5095	0.5066	2.3178	2.1816	304.41	15	1		128	8	2	8	1	8	3	5
sdpa_cudnn_vortex	2	8	1024	128	bf16	0.5260	0.5194	3.1552	3.3161	304.41	15	1		128	8	2	8	1	8	3	5
eager_vortex	2	8	1024	128	bf16	0.9285	0.9274	4.4281	4.8400	437.35	15	1		128	8	2	8	1	8	3	5
vortex_fused	2	8	1024	128	bf16	0.1462	0.1448	1.4482	1.4529	108.26	15	1		128	8	2	8	1	8	3	5
sdpa_flash_attn_only	2	8	2048	128	bf16	0.1281	0.1274	0.4474	0.4457	96.25	15	1		128	8	2	8	1	8	3	5
sdpa_cudnn_attn_only	2	8	2048	128	bf16	0.0818	0.0807	0.3360	0.3562	80.25	15	1		128	8	2	8	1	8	3	5
sdpa_memeff_attn_only	2	8	2048	128	bf16	0.1800	0.1787	0.8103	0.8107	80.25	15	1		128	8	2	8	1	8	3	5
sdpa_flash_vortex	2	8	2048	128	bf16	0.9466	0.9450	3.0049	2.9606	544.47	15	1		128	8	2	8	1	8	3	5
sdpa_cudnn_vortex	2	8	2048	128	bf16	0.9288	0.9387	3.1938	3.2470	544.47	15	1		128	8	2	8	1	8	3	5
eager_vortex	2	8	2048	128	bf16	2.4554	2.4545	6.7638	6.7456	1172.07	15	1		128	8	2	8	1	8	3	5
vortex_fused	2	8	2048	128	bf16	0.2990	0.2996	2.4930	2.4297	152.40	15	1		128	8	2	8	1	8	3	5
sdpa_flash_attn_only	2	8	2048	128	bf16	0.1282	0.1269	0.4491	0.4484	96.25	15	1		128	8	2	8	1	8	3	3
sdpa_cudnn_attn_only	2	8	2048	128	bf16	0.0799	0.0795	0.3051	0.2982	80.25	15	1		128	8	2	8	1	8	3	3
sdpa_memeff_attn_only	2	8	2048	128	bf16	0.1793	0.1800	0.8126	0.8124	80.25	15	1		128	8	2	8	1	8	3	3
sdpa_flash_vortex	2	8	2048	128	bf16	0.7090	0.7093	2.3012	2.2612	416.35	15	1		128	8	2	8	1	8	3	3
sdpa_cudnn_vortex	2	8	2048	128	bf16	0.7053	0.7018	2.4837	2.5137	416.35	15	1		128	8	2	8	1	8	3	3
eager_vortex	2	8	2048	128	bf16	2.2179	2.2170	6.0223	6.0013	1172.07	15	1		128	8	2	8	1	8	3	3
vortex_fused	2	8	2048	128	bf16	0.2678	0.2683	2.0205	2.0252	152.40	15	1		128	8	2	8	1	8	3	3
sdpa_flash_attn_only	2	8	4096	128	bf16	0.3436	0.3395	1.1871	1.1872	192.50	15	1		128	8	2	8	1	8	3	0
sdpa_cudnn_attn_only	2	8	4096	128	bf16	0.1814	0.1807	0.6529	0.6511	160.50	15	1		128	8	2	8	1	8	3	0
sdpa_memeff_attn_only	2	8	4096	128	bf16	0.5338	0.5327	2.3447	2.3449	160.51	15	1		128	8	2	8	1	8	3	0
sdpa_flash_vortex	2	8	4096	128	bf16	0.8195	0.8188	2.4309	2.4320	320.29	15	1		128	8	2	8	1	8	3	0
sdpa_cudnn_vortex	2	8	4096	128	bf16	0.6738	0.6739	1.9062	1.9066	320.29	15	1		128	8	2	8	1	8	3	0
eager_vortex	2	8	4096	128	bf16	6.9533	6.9356	17.9051	17.8970	4336.03	15	1		128	8	2	8	1	8	3	0
vortex_fused	2	8	4096	128	bf16	0.3324	0.3305	1.6846	1.6893	240.70	15	1		128	8	2	8	1	8	3	0
sdpa_flash_attn_only	2	8	512	128	bf16	0.0496	0.0481	0.2070	0.1960	24.06	15	1		128	8	2	8	1	8	3	7
sdpa_cudnn_attn_only	2	8	512	128	bf16	0.0491	0.0465	0.1952	0.1893	20.06	15	1		128	8	2	8	1	8	3	7
sdpa_memeff_attn_only	2	8	512	128	bf16	0.0399	0.0393	0.2181	0.2172	20.06	15	1		128	8	2	8	1	8	3	7
sdpa_flash_vortex	2	8	512	128	bf16	0.5527	0.5516	2.6296	2.6330	216.50	15	1		128	8	2	8	1	8	3	7
sdpa_cudnn_vortex	2	8	512	128	bf16	0.5563	0.5532	2.7050	2.6500	216.50	15	1		128	8	2	8	1	8	3	7
eager_vortex	2	8	512	128	bf16	0.8382	0.6130	3.7640	3.7942	250.72	15	1		128	8	2	8	1	8	3	7
vortex_fused	2	8	512	128	bf16	0.1434	0.1434	1.2459	1.2388	86.20	15	1		128	8	2	8	1	8	3	7
sdpa_flash_attn_only	2	8	4096	128	bf16	0.3409	0.3437	1.1822	1.1856	192.50	15	1		128	8	2	8	1	8	3	1
sdpa_cudnn_attn_only	2	8	4096	128	bf16	0.1821	0.1821	0.6484	0.6468	160.50	15	1		128	8	2	8	1	8	3	1
sdpa_memeff_attn_only	2	8	4096	128	bf16	0.5302	0.5300	2.3369	2.3394	160.51	15	1		128	8	2	8	1	8	3	1
sdpa_flash_vortex	2	8	4096	128	bf16	1.0627	1.0638	3.1420	3.1435	512.35	15	1		128	8	2	8	1	8	3	1
sdpa_cudnn_vortex	2	8	4096	128	bf16	0.9166	0.9161	2.5879	2.5885	512.35	15	1		128	8	2	8	1	8	3	1
eager_vortex	2	8	4096	128	bf16	7.2353	7.1709	18.5799	18.5733	4336.07	15	1		128	8	2	8	1	8	3	1
vortex_fused	2	8	4096	128	bf16	0.4396	0.4416	2.5944	2.6077	240.70	15	1		128	8	2	8	1	8	3	1
sdpa_flash_attn_only	2	8	4096	128	bf16	0.3492	0.3496	1.1944	1.1935	192.50	15	1		128	8	2	8	1	8	3	5
sdpa_cudnn_attn_only	2	8	4096	128	bf16	0.1821	0.1813	0.6670	0.6480	160.50	15	1		128	8	2	8	1	8	3	5
sdpa_memeff_attn_only	2	8	4096	128	bf16	0.5252	0.5243	2.3269	2.3235	160.51	15	1		128	8	2	8	1	8	3	5
sdpa_flash_vortex	2	8	4096	128	bf16	2.0452	2.0452	5.9786	5.9804	1024.60	15	1		128	8	2	8	1	8	3	5
sdpa_cudnn_vortex	2	8	4096	128	bf16	1.9022	1.8994	5.4429	5.4183	1024.60	15	1		128	8	2	8	1	8	3	5
eager_vortex	2	8	4096	128	bf16	8.1533	8.1495	21.4063	21.4046	4336.07	15	1		128	8	2	8	1	8	3	5
vortex_fused	2	8	4096	128	bf16	0.6106	0.6130	4.8822	4.8710	240.70	15	1		128	8	2	8	1	8	3	5
sdpa_flash_attn_only	2	8	4096	128	bf16	0.3429	0.3439	1.1720	1.1702	192.50	15	1		128	8	2	8	1	8	3	3
sdpa_cudnn_attn_only	2	8	4096	128	bf16	0.1832	0.1819	0.6477	0.6471	160.50	15	1		128	8	2	8	1	8	3	3
sdpa_memeff_attn_only	2	8	4096	128	bf16	0.5286	0.5275	2.3255	2.3268	160.51	15	1		128	8	2	8	1	8	3	3
sdpa_flash_vortex	2	8	4096	128	bf16	1.5548	1.5554	4.5638	4.5685	768.48	15	1		128	8	2	8	1	8	3	3
sdpa_cudnn_vortex	2	8	4096	128	bf16	1.4132	1.4048	4.0258	4.0258	768.48	15	1		128	8	2	8	1	8	3	3
eager_vortex	2	8	4096	128	bf16	7.6687	7.6664	20.0088	20.0007	4336.07	15	1		128	8	2	8	1	8	3	3
vortex_fused	2	8	4096	128	bf16	0.5200	0.5180	3.7173	3.7031	240.70	15	1		128	8	2	8	1	8	3	3
sdpa_flash_attn_only	2	8	8192	128	bf16	0.9862	0.9838	3.6047	3.6052	385.00	15	1		128	8	2	8	1	8	3	0
sdpa_cudnn_attn_only	2	8	8192	128	bf16	0.5070	0.5067	1.9221	1.9187	321.00	15	1		128	8	2	8	1	8	3	0
sdpa_memeff_attn_only	2	8	8192	128	bf16	1.7936	1.7902	7.7518	7.7502	321.02	15	1		128	8	2	8	1	8	3	0
sdpa_flash_vortex	2	8	8192	128	bf16	1.8976	1.8926	5.9332	5.9384	640.54	15	1		128	8	2	8	1	8	3	0
sdpa_cudnn_vortex	2	8	8192	128	bf16	1.4370	1.4357	4.2750	4.2774	640.54	15	1		128	8	2	8	1	8	3	0
eager_vortex	2	8	8192	128	bf16	27.6147	27.6068	69.3111	69.3265	16832.03	15	1		128	8	2	8	1	8	3	0
vortex_fused	2	8	8192	128	bf16	0.8827	0.8791	4.7424	4.7352	417.39	15	1		128	8	2	8	1	8	3	0
sdpa_flash_attn_only	2	8	1024	128	bf16	0.0603	0.0596	0.2208	0.2195	48.13	15	1		128	8	2	8	1	8	3	7
sdpa_cudnn_attn_only	2	8	1024	128	bf16	0.0497	0.0482	0.2489	0.2571	40.13	15	1		128	8	2	8	1	8	3	7
sdpa_memeff_attn_only	2	8	1024	128	bf16	0.0754	0.0746	0.3141	0.3127	40.13	15	1		128	8	2	8	1	8	3	7
sdpa_flash_vortex	2	8	1024	128	bf16	0.6489	0.6470	2.7550	2.6988	368.54	15	1		128	8	2	8	1	8	3	7
sdpa_cudnn_vortex	2	8	1024	128	bf16	0.6610	0.6592	3.7668	3.9085	368.54	15	1		128	8	2	8	1	8	3	7
eager_vortex	2	8	1024	128	bf16	1.0591	1.0588	5.2604	5.5081	501.47	15	1		128	8	2	8	1	8	3	7
vortex_fused	2	8	1024	128	bf16	0.1756	0.1756	1.6060	1.5717	108.26	15	1		128	8	2	8	1	8	3	7
sdpa_flash_attn_only	2	8	8192	128	bf16	0.9881	0.9812	3.6027	3.6006	385.00	15	1		128	8	2	8	1	8	3	1
sdpa_cudnn_attn_only	2	8	8192	128	bf16	0.5068	0.5049	1.9133	1.9059	321.00	15	1		128	8	2	8	1	8	3	1
sdpa_memeff_attn_only	2	8	8192	128	bf16	1.8052	1.8057	7.7726	7.7751	321.02	15	1		128	8	2	8	1	8	3	1
sdpa_flash_vortex	2	8	8192	128	bf16	2.3532	2.3492	7.2753	7.2890	960.60	15	1		128	8	2	8	1	8	3	1
sdpa_cudnn_vortex	2	8	8192	128	bf16	1.8995	1.8974	5.5730	5.5701	960.60	15	1		128	8	2	8	1	8	3	1
eager_vortex	2	8	8192	128	bf16	28.0877	28.0771	70.5284	70.5268	16832.07	15	1		128	8	2	8	1	8	3	1
vortex_fused	2	8	8192	128	bf16	1.0666	1.0685	6.2917	6.3099	417.39	15	1		128	8	2	8	1	8	3	1
sdpa_flash_attn_only	2	8	8192	128	bf16	0.9684	0.9677	3.5954	3.5978	385.00	15	1		128	8	2	8	1	8	3	5
sdpa_cudnn_attn_only	2	8	8192	128	bf16	0.5080	0.5063	1.9509	1.9471	321.00	15	1		128	8	2	8	1	8	3	5
sdpa_memeff_attn_only	2	8	8192	128	bf16	1.7822	1.7853	7.7293	7.7482	321.02	15	1		128	8	2	8	1	8	3	5
sdpa_flash_vortex	2	8	8192	128	bf16	4.1930	4.1929	12.4657	12.4628	1984.85	15	1		128	8	2	8	1	8	3	5
sdpa_cudnn_vortex	2	8	8192	128	bf16	3.7469	3.7454	10.7856	10.7795	1984.85	15	1		128	8	2	8	1	8	3	5
eager_vortex	2	8	8192	128	bf16	29.9137	29.9166	75.6974	75.7037	16832.07	15	1		128	8	2	8	1	8	3	5
vortex_fused	2	8	8192	128	bf16	1.3920	1.3932	10.9642	10.9632	417.39	15	1		128	8	2	8	1	8	3	5
sdpa_flash_attn_only	2	8	8192	128	bf16	0.9972	0.9942	3.6375	3.6392	385.00	15	1		128	8	2	8	1	8	3	3
sdpa_cudnn_attn_only	2	8	8192	128	bf16	0.5081	0.5063	1.9514	1.9483	321.00	15	1		128	8	2	8	1	8	3	3
sdpa_memeff_attn_only	2	8	8192	128	bf16	1.7976	1.7991	7.6892	7.6316	321.02	15	1		128	8	2	8	1	8	3	3
sdpa_flash_vortex	2	8	8192	128	bf16	3.2772	3.2842	9.8318	9.8287	1472.73	15	1		128	8	2	8	1	8	3	3
sdpa_cudnn_vortex	2	8	8192	128	bf16	2.8319	2.8300	8.1855	8.1826	1472.73	15	1		128	8	2	8	1	8	3	3
eager_vortex	2	8	8192	128	bf16	29.0076	29.0088	73.1657	73.1766	16832.07	15	1		128	8	2	8	1	8	3	3
vortex_fused	2	8	8192	128	bf16	1.2373	1.2328	8.5700	8.5559	417.39	15	1		128	8	2	8	1	8	3	3
sdpa_flash_attn_only	2	8	2048	128	bf16	0.1272	0.1256	0.4460	0.4443	96.25	15	1		128	8	2	8	1	8	3	7
sdpa_cudnn_attn_only	2	8	2048	128	bf16	0.0828	0.0819	0.3013	0.2937	80.25	15	1		128	8	2	8	1	8	3	7
sdpa_memeff_attn_only	2	8	2048	128	bf16	0.1785	0.1779	0.8081	0.8069	80.25	15	1		128	8	2	8	1	8	3	7
sdpa_flash_vortex	2	8	2048	128	bf16	1.1640	1.1644	3.5580	3.5563	672.60	15	1		128	8	2	8	1	8	3	7
sdpa_cudnn_vortex	2	8	2048	128	bf16	1.1228	1.1229	3.7290	3.7803	672.60	15	1		128	8	2	8	1	8	3	7
eager_vortex	2	8	2048	128	bf16	2.6829	2.6818	7.4347	7.4359	1196.47	15	1		128	8	2	8	1	8	3	7
vortex_fused	2	8	2048	128	bf16	0.3409	0.3396	2.8117	2.7927	152.40	15	1		128	8	2	8	1	8	3	7
sdpa_flash_attn_only	2	8	4096	128	bf16	0.3484	0.3489	1.1858	1.1929	192.50	15	1		128	8	2	8	1	8	3	7
sdpa_cudnn_attn_only	2	8	4096	128	bf16	0.1808	0.1793	0.6857	0.6791	160.50	15	1		128	8	2	8	1	8	3	7
sdpa_memeff_attn_only	2	8	4096	128	bf16	0.5450	0.5441	2.3615	2.3663	160.51	15	1		128	8	2	8	1	8	3	7
sdpa_flash_vortex	2	8	4096	128	bf16	2.5393	2.5406	7.3702	7.3702	1280.73	15	1		128	8	2	8	1	8	3	7
sdpa_cudnn_vortex	2	8	4096	128	bf16	2.5823	2.3884	6.8220	6.8191	1280.73	15	1		128	8	2	8	1	8	3	7
eager_vortex	2	8	4096	128	bf16	8.5995	8.5953	22.6978	22.6860	4336.07	15	1		128	8	2	8	1	8	3	7
vortex_fused	2	8	4096	128	bf16	0.6920	0.6935	5.6139	5.6050	240.70	15	1		128	8	2	8	1	8	3	7
sdpa_flash_attn_only	2	8	8192	128	bf16	0.9933	0.9946	3.5902	3.5900	385.00	15	1		128	8	2	8	1	8	3	7
sdpa_cudnn_attn_only	2	8	8192	128	bf16	0.5055	0.5039	1.9126	1.9076	321.00	15	1		128	8	2	8	1	8	3	7
sdpa_memeff_attn_only	2	8	8192	128	bf16	1.8123	1.8059	7.7894	7.8008	321.02	15	1		128	8	2	8	1	8	3	7
sdpa_flash_vortex	2	8	8192	128	bf16	5.1114	5.1126	15.0639	15.0664	2496.98	15	1		128	8	2	8	1	8	3	7
sdpa_cudnn_vortex	2	8	8192	128	bf16	4.6698	4.6674	13.4112	13.4064	2496.98	15	1		128	8	2	8	1	8	3	7
eager_vortex	2	8	8192	128	bf16	30.8090	30.8034	78.2316	78.2386	16832.07	15	1		128	8	2	8	1	8	3	7
vortex_fused	2	8	8192	128	bf16	1.5520	1.5499	12.2881	12.2673	417.39	15	1		128	8	2	8	1	8	3	7
